"lat","lon","year","MAT","MAP","PET","SOLAR"
37.86,32.48,1999,292.147015282652,4.93840891775759e-05,283.842560687413,289.577415352752
37.86,32.48,2000,292.234549088362,3.15244238576732e-05,358.064665881401,303.621382544591
37.86,32.48,2001,293.826123049432,1.5570643256161e-05,442.604800040809,308.506250483219
52.47,-8.15,1994,285.892811765838,2.02355959370314e-05,284.941622323199,216.289708858365
52.26,10.52,1994,289.971765267854,1.36871661884894e-05,368.749267298906,267.861060625402
52.26,10.52,1995,288.894668439264,2.10518901737967e-05,315.664187002225,253.129157820198
52.21,6.84,1995,289.809071556744,1.79828432307972e-05,358.09799773426,257.010844582527
52.21,6.84,1996,288.281384913693,1.97947243423647e-05,360.433845534627,257.84329138248
38.03,23.94,1995,296.289561943024,8.27014101602282e-06,520.340532294746,312.917071662371
38.03,23.94,1996,296.212322670433,7.07495487135356e-06,539.788510210188,311.650429958989
40.18,16.57,1994,296.717379643144,6.33422540220139e-06,422.000816993464,309.782907066764
40.18,16.57,1995,295.494393135696,1.36480844841216e-05,409.39885620915,314.295793618629
40.18,16.57,1996,295.153989080995,1.45093221052429e-05,400.519281045752,304.44732762021
40.18,16.57,1997,295.780648574448,1.26152077286858e-05,429.34362745098,312.772950217973
44.17,11.09,1994,293.316226300072,1.9829592978726e-05,345.257726569169,298.014875349168
44.17,11.09,1995,291.778160490773,2.9854943262607e-05,297.837892866116,292.629327483248
44.17,11.09,1996,291.683073714336,3.06138058909431e-05,310.406847169798,290.856203751779
44.17,11.09,1997,292.616194908256,1.65259227070566e-05,309.372103174363,297.015751428944
53.66,10.28,1994,290.55206057743,2.03934098314078e-05,390.805180440541,253.403539960215
53.66,10.28,1995,290.263148687461,1.97330088929655e-05,372.011454796683,248.744686285696
53.66,10.28,1996,288.6713342013,1.95142992593828e-05,351.459798745244,246.604557454539
53.66,10.28,1997,290.114427393091,3.1741322252385e-05,325.642878417852,243.805169655523
53.66,10.28,1998,289.355621257296,3.03457694487424e-05,333.238488221671,235.050514444317
53.66,10.28,1999,290.463164587235,2.59734884296877e-05,358.788768484221,247.603238354864
53.33,-6.23,1994,286.284607984082,1.6070878909241e-05,298.868997176232,230.742749414983
53.33,-6.23,1995,288.04300051683,1.41358743672601e-05,340.374351089204,246.484684837267
50.13,8.86,1995,288.019951857123,2.59507292271051e-05,285.771267151695,259.102464731813
50.13,8.86,1996,287.017961746074,2.16168123889386e-05,308.698900344464,260.982983802915
50.13,8.86,1997,288.147002291959,2.73562921317329e-05,265.798750838523,261.450178241691
50.13,8.86,1998,288.623658203641,1.86958762484454e-05,327.247304275046,257.173654777718
50.13,8.86,1999,288.548120165812,3.18593079533909e-05,267.071410999165,257.848055212922
50.13,8.86,2000,287.906713251303,3.95118264618437e-05,237.518531092345,257.501153715067
50.85,4.35,1994,289.396618599433,1.77768130009323e-05,345.726473188957,256.161605965086
50.85,4.35,1995,289.544601449768,1.64203780232662e-05,372.667535177001,254.880611284572
50.85,4.35,1996,287.99786126781,1.73774355085168e-05,371.421129739609,252.874469442119
50.85,4.35,1997,289.522185093873,1.50149190265841e-05,335.209386643497,251.386703382173
53.34,-6.25,1995,288.038507481436,1.40407513812009e-05,340.423712987584,246.55493391648
53.34,-6.25,1996,286.609232166549,1.93724505474532e-05,312.86675696617,245.262064903547
53.34,-6.25,1997,287.42646879071,2.13228318911378e-05,303.663817308131,234.29331152282
53.34,-6.25,1998,287.043589907971,2.93922054354021e-05,277.869476717552,225.933470452577
53.34,-6.25,1999,287.481009007017,2.10951702119044e-05,303.57240786551,233.834319321669
42.88,-8.54,1994,288.978242230854,2.36171681436804e-05,464.070098039216,258.774900292694
42.88,-8.54,1995,289.689412692035,2.23416121520289e-05,522.643954248366,265.046283335283
42.88,-8.54,1996,289.386762172971,1.94714189010261e-05,472.445261437908,265.904653522756
45.46,9.18,1994,289.629793629882,2.52467367765531e-05,325.674499849118,278.143666790818
45.46,9.18,1995,288.238320998569,2.70718031119443e-05,330.117063840428,278.60000066708
45.46,9.18,1996,287.635215523032,2.63242641006715e-05,329.545529146648,274.665146808428
52.42,0.11,1994,286.862507858966,1.0103900805518e-05,324.50114379085,237.600313375822
52.42,0.11,1995,287.126529717835,1.23122061714784e-05,335.546078431372,246.978173014763
52.42,0.11,1996,286.125961332104,1.04173303274219e-05,299.541339869281,232.626409124476
51.81,-0.36,1994,287.857743478379,1.51561895222379e-05,325.657026143791,248.593133102806
51.81,-0.36,1995,288.699200639217,1.30419448485017e-05,343.957516339869,258.333605964743
51.81,-0.36,1996,287.380627484609,1.18602591851392e-05,309.823039215686,254.233532942762
51.81,-0.36,1997,288.503998771014,1.49653411101057e-05,306.233660130719,243.067652634985
51.89,0.9,1994,288.80213220815,1.54554175635708e-05,347.015088552878,254.893647838113
51.89,0.9,1995,289.343663880164,1.42994214661977e-05,383.775871914367,255.841156881275
51.89,0.9,1996,287.969187731175,1.39557895062472e-05,364.364571874321,251.860388589835
38.73,-9.16,1995,295.132426198216,5.59367249096195e-06,562.316746873396,317.27732776149
38.73,-9.16,1996,294.488860118581,1.97350339784185e-05,518.837100973667,310.912583887695
38.73,-9.16,1997,294.046118753901,1.56106009658434e-05,467.74242889652,303.908010627114
38.73,-9.16,1998,294.639414630783,1.63672375709479e-05,502.151528371393,310.550992507908
38.73,-9.16,1999,294.74669716098,7.3593380268996e-06,561.165078230298,317.893942442164
56,14,1997,289.688908934589,2.42611445989642e-05,436.915024039262,236.215397429338
56,14,1998,288.615672767331,2.66084773286995e-05,428.782586599506,229.869474356691
56,14,1999,289.904846198482,2.33020292166849e-05,423.416605232807,245.880923710903
56.5,9.58,1997,287.914963844242,2.33308326320613e-05,448.425980392157,238.379586231911
56.5,9.58,1998,286.097058790489,2.88554566589729e-05,431.615522875817,222.709292905949
56.5,9.58,1999,287.321521806938,2.82900771313209e-05,397.655392156863,234.519648234557
51.8,-0.35,1997,288.503238611505,1.49430630576376e-05,306.233660130719,243.111224761863
51.8,-0.35,1998,288.314685622871,1.93110128248286e-05,307.410947712418,237.291566913425
51.8,-0.35,1999,288.730160472495,2.58805102084935e-05,308.96862745098,245.472059441196
48.67,9,1997,289.314834394348,2.34454341959741e-05,320.724993541947,260.497207449683
48.67,9,1998,289.1753342202,2.04550276131523e-05,346.593380226279,245.880660027088
48.67,9,1999,289.699731625861,2.6963690060123e-05,332.458944492657,257.744991946307
52.42,0.11,1993,286.307510911769,1.26118713273541e-05,304.371405228758,226.277802733589
48.23,14.39,1990,288.431652118965,3.69722119591338e-05,270.376946140661,263.116762107082
48.23,14.39,1991,288.284783032361,3.8442795133881e-05,267.017545734785,258.008608449137
48.23,14.39,1992,289.769333317981,3.01808999327772e-05,321.083583711912,269.067325844119
48.23,14.39,1993,288.920461362965,3.13457181003579e-05,299.904080809048,258.153897307692
48.23,14.39,1994,289.678444160283,3.22296010564853e-05,307.531281420264,266.845159655424
48.23,14.39,1995,288.12740908764,3.48098117750003e-05,285.733528705085,258.333846545267
48.29,15.91,1990,289.39161489155,2.96061692140289e-05,289.548248218047,259.503946637677
48.29,15.91,1991,289.362132904961,2.9990844090933e-05,294.409099997358,258.385056452648
48.29,15.91,1992,290.976590952844,2.44911142032214e-05,363.684662142735,271.224872023213
48.29,15.91,1993,290.123391102278,2.04544171128797e-05,345.014940683435,261.884751427274
48.29,15.91,1994,290.600196637235,2.74682256552848e-05,313.424338798452,263.190580434021
48.29,15.91,1995,289.326585645848,3.389811333485e-05,309.554350670014,257.128338223267
47.84,6.42,1990,288.58688563228,2.85279015720658e-05,328.535631739649,270.500663056608
47.84,6.42,1991,289.133359263803,1.7793783839563e-05,400.113094652341,277.638527659443
47.84,6.42,1992,288.954745413255,3.37789676945677e-05,294.766165475701,259.559383041537
47.84,6.42,1993,288.059532253528,3.2945972192008e-05,308.708105666169,261.445246116881
47.84,6.42,1994,289.127870800857,3.14528375123662e-05,305.999476743082,268.25193659688
47.84,6.42,1995,288.113898213398,2.84171753766998e-05,326.23702782364,268.72390557249
51.81,-0.352,1995,288.699200639217,1.30419448485017e-05,343.957516339869,258.333605964743
51.81,-0.352,1996,287.380627484609,1.18602591851392e-05,309.823039215686,254.233532942762
51.81,-0.352,1997,288.503998771014,1.49653411101057e-05,306.233660130719,243.067652634985
41.14,24.88,1993,293.466032253809,8.95362584385628e-06,446.973141356623,286.366902216361
41.14,24.88,1994,294.150306877037,1.85176621543566e-05,409.584845879102,278.443444389197
41.14,24.88,1995,292.144539390122,2.24504834883049e-05,356.15173434347,271.992119060258
38.91,22.44,1995,296.293037003113,1.08383273116695e-05,488.943529851932,317.713072656488
43.67,10.32,1992,291.918958504751,2.94556920013136e-05,310.519042357759,282.039928520471
43.67,10.32,1993,292.02484990594,2.43458933778877e-05,356.540526926478,288.152381972355
43.67,10.32,1994,292.783927617956,2.64662481967723e-05,372.258176435587,290.158136191485
43.67,10.32,1995,290.938527040026,3.69285234228642e-05,328.044484824845,283.32361982835
43.67,10.32,1996,290.885381383842,3.73070614916455e-05,340.551769806371,281.678284390007
43.67,10.32,1997,291.848579610623,2.3852901237702e-05,341.897890351524,288.870383774914
50,7.85,1989,287.992479253625,3.77799828147846e-05,259.532530575038,260.263303318828
50,7.85,1990,288.047570603677,2.50056567459031e-05,300.006790785848,264.953017762391
50,7.85,1991,287.95836561176,2.02041678023163e-05,303.053982447616,263.687635267901
50,7.85,1992,289.205410770845,3.19199381121553e-05,290.269311451103,251.566273123141
50,7.85,1993,287.747296945224,2.58060462241494e-05,274.84544852894,254.977449706968
49.83,9.87,1988,287.824843410978,3.727829045543e-05,242.10911968989,253.624303826482
49.83,9.87,1989,287.874439898922,4.15364189883916e-05,253.480964440217,255.672895140504
49.83,9.87,1990,287.866008188447,2.71629244106512e-05,286.664291232867,261.578028721384
49.83,9.87,1991,287.723161267021,2.44422504826897e-05,283.251640751138,259.408863890733
49.83,9.87,1992,289.249169663272,2.97371318827764e-05,297.044814107311,253.243980984431
49.83,9.87,1993,287.760035502182,2.47987773614015e-05,276.212182707173,255.996377167111
49.83,9.87,1994,289.024337231499,2.03752315211323e-05,313.334168754965,271.767946526429
56.84,9.42,1993,286.144369278939,1.65919313499001e-05,441.934640522876,230.174651866722
56.62,10.81,1994,287.167524112426,2.84967918576216e-05,477.911928104575,240.607738210048
56.62,10.81,1995,286.937136115011,2.05026246998838e-05,483.198202614379,242.550922765775
56.62,10.81,1996,285.701400262392,1.6894554910906e-05,466.763888888889,238.871733057999
49.87,9.91,1994,288.996969884152,2.05942533396289e-05,311.646627574949,271.879019532144
49.87,9.91,1995,287.571632273613,2.60609781026249e-05,268.812555549791,256.61638980609
49.87,9.91,1996,286.574367942401,2.36435599910461e-05,270.451838228082,258.773268242061
53.88,12.62,1994,290.777897479893,1.64312355729143e-05,431.307086311661,254.085772127061
53.88,12.62,1995,290.317593763554,1.89076727505507e-05,394.210834109592,249.537286823456
53.88,12.62,1996,288.715581840218,1.96076184433347e-05,365.826613506984,243.963834534112
52.13,-2.64,1993,287.614997686548,1.88333547657652e-05,305.842461501322,241.273633476735
50.63,-3.45,1993,287.228770153295,1.79938892512536e-05,323.144347342024,242.541625393119
48.94,8.28,1994,289.705195281147,1.8221685598027e-05,352.472091387215,268.206595593151
48.11,10.01,1994,288.785527551516,2.96913940174134e-05,291.729832318952,272.666508382395
48.74,8.92,1994,289.838743453274,1.94188239478469e-05,359.271335238562,266.697163535197
48.11,10.01,1995,287.082224517439,3.07756590271537e-05,265.968343530469,264.467287575111
48.11,10.01,1996,286.519195832895,3.20238192996959e-05,271.618398328455,263.873552222624
48.74,8.92,1996,287.785976313749,2.01527790945755e-05,346.634049655222,258.354510087087
48.94,8.28,1996,287.513695091935,2.05455946166878e-05,329.981147875757,258.055581609716
56.84,9.42,1985,285.994886180873,2.38060630573795e-05,431.849346405229,219.528489965127
56.84,9.42,1986,286.180373405707,2.02202776617189e-05,458.097222222222,231.361815532673
56.84,9.42,1987,285.56001235152,2.44174121117844e-05,391.084640522876,217.214792547866
56.84,9.42,1988,287.684150790841,3.21633303168318e-05,436.665359477124,234.195415769046
56.84,9.42,1989,287.295112881411,1.81554033750418e-05,474.85114379085,233.859471320484
56.84,9.42,1990,287.38103894383,2.59097556703791e-05,420.881699346405,226.998754268407
56.84,9.42,1991,286.672541343201,2.15920837934852e-05,439.866830065359,233.050754745408
56.84,9.42,1992,287.844106700523,1.93057013605862e-05,529.550980392157,239.649436719356
44.13,12.18,1992,293.269271040018,2.39853580280084e-05,324.144182518922,285.416540424426
44.13,12.18,1993,293.613562655831,2.52358507784836e-05,354.049141595043,288.467961999951
44.13,12.18,1994,294.134829519019,2.86207803006735e-05,374.848370084939,288.764986214768
50.49,-3.78,1995,287.955171424831,8.09873352110415e-06,382.466339869281,253.248476370492
50.49,-3.78,1996,286.70416001411,1.44052871612053e-05,347.047058823529,248.234038979463
50.49,-3.78,1997,287.510476919927,1.42788928277522e-05,333.113235294118,236.670166995506
50.49,-3.78,1998,287.262899471044,1.65742118611992e-05,327.876960784314,228.129271683771
50.49,-3.78,1999,287.651071163482,1.46952900549758e-05,338.160784313725,240.317657997228
50.49,-3.78,2000,287.488596406728,2.10878278519836e-05,322.491176470588,240.027962188957
50.49,-3.78,2001,287.218005659972,1.06502888948597e-05,336.761111111111,240.275086001226
51.1,-1.27,1995,288.680921895648,1.22196754776883e-05,343.957516339869,259.234935012839
51.1,-1.27,1996,287.317611196383,1.29446193042941e-05,309.823039215686,253.417476273861
51.1,-1.27,1997,288.450027445867,1.33835993848722e-05,306.233660130719,246.161273643354
51.1,-1.27,1998,288.170479220477,1.90051732281789e-05,307.410947712418,238.386716476374
51.1,-1.27,1999,288.613115124403,2.28212735283995e-05,308.96862745098,247.189817474215
51.1,-1.27,2000,288.067779587028,2.24373478951792e-05,283.889869281046,239.371642738928
51.1,-1.27,2001,288.144777690447,1.76096408831817e-05,309.821895424836,245.283551652929
54.12,-0.65,1995,288.578805695989,1.13945657474064e-05,342.557434876437,259.330817352054
54.12,-0.65,1996,287.20060817908,1.38324189886662e-05,309.571368529036,251.918098350451
54.12,-0.65,1997,288.30643381731,1.19466926927576e-05,304.906539585085,248.67045384122
54.12,-0.65,1998,287.94410552191,1.88014508743593e-05,305.849722452989,238.344711473956
54.12,-0.65,1999,288.425280258741,1.95725747986319e-05,308.401192869651,248.234242016052
54.12,-0.65,2000,287.917026403726,2.36144230937506e-05,283.429496762566,241.253166908071
54.12,-0.65,2001,287.974615547677,1.86700146713102e-05,308.007135565239,243.672266188112
52.25,-0.04,1994,287.942974679765,1.64693464155232e-05,325.657026143791,247.806310962459
52.25,-0.04,1995,288.710528311288,1.35515202332311e-05,343.957516339869,257.77503585043
52.25,-0.04,1996,287.419679832242,1.11882613648179e-05,309.823039215686,254.739258202362
52.25,-0.04,1997,288.537445789415,1.59455754187011e-05,306.233660130719,241.150479052334
52.25,-0.04,1998,288.407389738696,1.95076239941033e-05,307.410947712418,236.587542194386
52.25,-0.04,1999,288.805403910554,2.78471623599826e-05,308.96862745098,244.36778641997
52.25,-0.04,2000,288.175481432926,1.91461128663152e-05,283.889869281046,235.760074382564
53.2,-1.01,1994,287.00631154238,9.46908682375316e-06,322.297833678369,246.480331076446
53.2,-1.01,1995,288.097952519241,1.08271801505118e-05,334.731949175603,255.433464707701
53.2,-1.01,1996,286.856593665274,1.34610809397874e-05,308.164703694782,247.551462807345
53.2,-1.01,1997,287.769307733261,1.16953193270448e-05,297.488854882882,247.478778347061
53.2,-1.01,1998,287.398258321091,1.91885737499704e-05,297.123554538807,232.646389023574
53.2,-1.01,1999,287.959335850842,1.66766904863134e-05,305.229626558451,245.502204205215
53.2,-1.01,2000,287.40147817782,2.01989812095364e-05,280.856333232791,240.802352256595
52.42,0.11,1997,287.283448162917,8.20469573783371e-06,302.217647058823,235.003309757299
52.42,0.11,1998,286.811563811363,1.64363594483684e-05,305.824509803921,212.756274708761
52.42,0.11,1999,287.63388075465,9.57621478882707e-06,304.305392156863,234.875031229067
52.42,0.11,2000,286.87087935058,1.15944243952667e-05,283.897549019608,234.833544650024
52.13,-2.64,1994,287.730344699685,1.46313347255551e-05,328.921098788652,245.408770967997
52.13,-2.64,1995,288.651493973525,1.23694185269257e-05,349.0099419187,259.657854283676
52.13,-2.64,1996,287.384819437491,1.1447157571827e-05,314.70689625354,254.589998207118
52.13,-2.64,1997,288.406312880501,1.40365383559966e-05,309.760307809268,241.966943551606
52.13,-2.64,1998,288.244966826498,1.75913214619769e-05,310.096124730671,236.23436953398
52.13,-2.64,1999,288.625764830836,2.61158055746518e-05,312.798689928011,246.317386426559
52.13,-2.64,2000,288.108658432237,1.79066441144043e-05,288.954428879233,238.107871118605
51.12,13.19,1993,289.508018881036,1.55615144023161e-05,402.278511596826,250.858990932898
51.12,13.19,1994,290.757886182304,9.28508244156498e-06,441.131923058326,259.578171065818
51.12,13.19,1995,289.772805058641,2.36170290735004e-05,369.312551376992,253.59897041427
51.12,13.19,1996,288.335551275999,2.09062871172365e-05,323.283354232215,242.412262391449
49.99,11.99,1990,287.822193760718,2.75181264033598e-05,275.870769314365,259.18686683895
49.99,11.99,1991,287.723855237278,2.63604269717851e-05,274.565759607063,258.282690477071
49.99,11.99,1992,289.362706328924,2.72762058047213e-05,306.630829229953,257.453006010816
49.99,11.99,1993,287.961031693223,2.25659691226141e-05,287.806066902158,258.559988661942
52.8,11.76,1990,290.159303724622,2.57715575059425e-05,388.335993689707,230.319673170633
52.8,11.76,1991,289.60221673659,2.71969709331338e-05,376.379242981191,232.286701158984
52.8,11.76,1992,291.504833627563,1.08336267341434e-05,512.8607397977,255.653476630186
52.8,11.76,1993,289.106180373517,2.49778508760751e-05,381.361112068289,233.805784966874
52.61,8.25,1990,289.096696760439,3.44748568813781e-05,331.958979721988,228.436461364406
52.61,8.25,1991,288.631809085266,2.66900017912347e-05,311.0127040695,226.966936540879
52.61,8.25,1992,290.447927898171,2.17131204749449e-05,382.567090190725,237.304678653527
52.61,8.25,1993,288.182405634874,3.08802490691242e-05,301.113373934653,221.059866856702
48.68,10.14,1990,288.854057204521,2.22057455590248e-05,334.764769180675,254.377580651783
48.68,10.14,1991,288.526583383622,1.96690630747264e-05,323.842416651276,254.250216584362
48.68,10.14,1992,290.253588612915,2.46504313492836e-05,351.870951579838,250.417094155119
48.68,10.14,1993,288.459927350877,2.27419057423484e-05,314.090504370922,251.835490409173
51.79,7.61,1990,289.306176961231,2.25432362297004e-05,339.789687064094,250.088971211427
51.79,7.61,1991,288.865821309658,1.91377446936503e-05,324.499399710634,249.625272778734
51.79,7.61,1992,290.639912696605,2.49030689888206e-05,356.309775219972,246.404076807274
51.79,7.61,1993,288.66482098474,2.37597196096161e-05,308.109447447954,243.627242255318
52.7,8.81,1990,288.836929007097,3.27770785998584e-05,347.230021692813,228.253658980623
52.7,8.81,1991,288.352354043918,2.42437954872553e-05,323.414852524697,225.536859371331
52.7,8.81,1992,290.048606893392,2.28251703226041e-05,400.986522199952,235.510780439992
52.7,8.81,1993,287.981114117523,2.84265216048639e-05,314.92279205584,219.870516939143
48.63,11.77,1990,288.873594381775,2.18833134039373e-05,332.43723309385,250.501483732352
48.63,11.77,1991,288.551879329783,2.37539726824128e-05,322.712352711221,252.624570948461
48.63,11.77,1992,290.443447679206,1.82591759254856e-05,378.562803325543,256.199072269342
48.63,11.77,1993,288.764356596663,1.9501332249053e-05,344.41888814826,256.03890395912
48.1,11.14,1990,287.428990164655,3.14527832636914e-05,267.363734636771,267.650491305843
48.1,11.14,1991,287.788701046895,2.94679519229408e-05,306.216409873958,269.588869999232
48.1,11.14,1992,288.133559149315,3.35134176750712e-05,250.91220317092,261.565233430273
48.1,11.14,1993,287.429677024407,3.28190093542485e-05,266.789804191649,259.514379292892
48.49,10.29,1990,287.535160297613,3.47160351130039e-05,260.204863981187,266.38184184784
48.49,10.29,1991,287.765201291,3.69405582789872e-05,286.190274002974,266.268896906414
48.49,10.29,1992,288.12643380029,3.48973118682338e-05,250.5657108392,264.07364299025
48.49,10.29,1993,287.608208231066,3.53773809254095e-05,262.521818917977,257.281700835189
52.62,10.81,1990,289.641906594029,3.45077129422654e-05,357.826202261119,229.749828118747
52.62,10.81,1991,289.1347048587,2.99694012767637e-05,356.859802653933,230.337231072294
52.62,10.81,1992,291.15726342646,1.84826682196649e-05,467.096160198536,242.425939115041
52.62,10.81,1993,288.622957978076,3.28962888754375e-05,342.697365631948,224.765853207082
53.38,9.75,1991,289.372506334691,2.8291766610356e-05,357.691876088424,234.265461822852
40.24,79.24,2003,290.343667238427,1.70808530862252e-05,334.831426547356,283.76070776427
40.24,79.24,2004,292.031169657008,8.41889034267142e-06,386.630696474093,291.6318924569
40.96,-78.74,2002,291.512290074123,5.11714116672975e-05,336.600469412472,269.753332012761
40.96,-78.74,2003,290.621769109378,5.39560072523501e-05,261.207130795705,251.809287338567
40.96,-78.74,2004,290.944774471479,6.90306796850538e-05,241.547333675498,251.995933026375
38.37,23.17,1998,296.100051296717,5.77062557927274e-06,562.217160328362,318.181423762237
38.37,23.17,1999,296.725279754273,8.08553072824165e-06,509.710446999393,315.469749536454
38.37,23.17,2000,296.419579917424,1.97422077599625e-06,570.567305129387,320.039766472455
38.37,23.17,2001,296.462367544756,2.66278471303777e-06,573.826542817183,320.844713308472
38.37,23.17,2002,296.126878839803,1.29309327867953e-05,494.468441851751,309.999641386375
40.15,16.63,1998,296.08389706607,7.42176294694938e-06,459.417320261438,313.566097725486
40.15,16.63,1999,296.403265772241,1.5764253677287e-05,423.845098039216,314.098919629244
40.15,16.63,2000,296.347974639688,1.15384351204159e-05,439.578104575163,313.956410058183
40.15,16.63,2001,296.124458253763,5.02934731409164e-06,484.647549019608,317.57498716705
40.15,16.63,2003,297.904742984494,1.64485692698934e-05,437.636111111111,312.01023805008
37.62,-79.95,1978,284.765320205479,1663029.47,284.765320205479,1663029.47
37.62,-79.95,1979,292.515434165905,7.94212814849585e-05,243.216777630918,256.020836028966
37.62,-79.95,1980,294.522158186474,3.67319852927451e-05,391.064489758244,277.920184835421
46.8,-100.92,2000,290.393391269076,3.18288567308045e-05,416.833892570116,263.820333384737
46.8,-100.92,2001,291.191405129801,3.23557379700919e-05,408.827940899207,262.425054842596
46.8,-100.92,2002,290.222698275768,4.8974881452108e-05,409.032726136482,266.681285486092
46.88,-102.8,2001,291.467010361195,2.75252062030251e-05,447.162919906417,267.716276871008
46.88,-102.8,2002,290.046768906328,4.71445018459668e-05,408.611800741269,267.164811853101
46.88,-102.8,2003,290.995424360517,2.95194307792454e-05,438.441760725704,267.745164162541
44,-100,2001,293.80741539676,3.01314449275974e-05,355.425144010808,279.784343176202
43.2,-89.23,2001,292.128713918914,3.65777356016816e-05,411.926686335064,273.302137572543
45.34,-97.75,2001,292.689506482302,2.44477558351529e-05,445.790822762361,275.278798688327
45,-97,2001,291.86446621235,3.80419353535853e-05,406.511399613134,272.751769670096
45,-97,2002,291.358026540356,5.9522941918815e-05,422.381605583391,268.001966274688
45,-97,2003,291.694112239326,3.56258657988901e-05,453.31589763334,267.20172381689
45,-97,2004,289.878696720977,4.6996006297574e-05,376.987415155126,259.674310940841
48.44,8.56,2005,287.102849538332,4.30508823390093e-05,242.483000096562,267.392687536953
32.22,-98.2,2011,303.29263019364,1.35208078796711e-05,859.253045879285,305.071930884649
32.22,-98.2,2012,301.461101998668,2.88134842677322e-05,642.746825655101,288.5620512149
43,-101,1998,293.768516331462,2.99255427767089e-05,432.657087294553,278.70487492984
43,-101,1999,292.842796823944,3.05500892220174e-05,462.121895917826,280.530338681759
43,-101,2000,293.547088478701,2.41894243239376e-05,515.598218455253,286.203430925312
43,-101,2001,293.504918792614,2.3945214823485e-05,439.244180813818,278.888614795095
44,-97,1998,294.299779964834,3.47202281439343e-05,420.894216298794,277.216182384751
44,-97,1999,293.762411052673,3.01341306455205e-05,512.20125396894,279.104956859382
44,-97,2000,294.033847251947,3.42858618017831e-05,531.105311117219,282.627012877673
44,-97,2001,293.541318670773,3.35559359046816e-05,441.246404319415,274.668962899137
51.81,-0.35,1993,287.620550137242,1.7801624044203e-05,302.959967320261,241.842714650481
35.62,-88.83,1999,296.612775563276,3.60874751208826e-05,372.078064050846,287.018149447651
35.62,-88.83,2000,297.769284051423,3.46932885127296e-05,437.08515072931,279.105429302335
35.62,-88.83,2001,296.512875406121,7.53137617040201e-05,330.823240679351,273.625076224859
35.72,-78.67,1999,296.097040009096,6.02211118679821e-05,417.074466058036,271.913436449887
35.72,-78.67,2000,295.659073221773,6.70119232370836e-05,352.22919230174,263.604776429433
35.72,-78.67,2001,295.307403729508,6.81194483980631e-05,329.397182078274,265.627756127469
35.88,-82.05,1999,294.789850341896,5.47181355473955e-05,348.000896508499,281.753101257948
35.88,-82.05,2000,294.4949586034,5.92678475377901e-05,292.921794802056,265.762876998796
35.88,-82.05,2001,294.026738614078,6.43447590854546e-05,254.676659134216,259.652538340829
35.88,-82.05,NA,284.765320205479,1663029.47,284.765320205479,1663029.47
37.1,-87.82,1999,296.154942731738,5.56270196955519e-05,312.13347461133,278.842274900924
37.1,-87.82,2000,296.74628471466,4.66056867157758e-05,351.195154798913,271.15041815191
37.1,-87.82,2001,295.722153217585,7.42161126938717e-05,267.627920459,262.137807107496
38.22,-78.12,1999,294.960245008455,5.19499930687661e-05,391.772345184096,277.018814553807
37.62,-79.95,1999,294.123980461538,4.29739560340166e-05,399.59036025603,282.691096203468
37.62,-79.95,2000,293.365405644289,5.28387568612353e-05,314.142150784533,262.495107576182
37.62,-79.95,2001,293.150420403906,5.76804135352587e-05,293.725471045285,266.846008986585
37.18,-80.42,1999,293.927010243719,4.18081712265493e-05,394.38519069197,282.609413718856
37.18,-80.42,2000,293.090159987588,5.01448143178247e-05,305.744759534541,260.702018192453
37.18,-80.42,2001,292.944421270296,5.22354387584536e-05,294.713823188843,269.614559630709
35.01,-97.54,1994,300.145138863035,2.69019619107099e-05,632.772102177768,288.163684568422
35.01,-97.54,1995,299.371809222884,5.22733571577155e-05,588.01770038905,279.558486181311
35.01,-97.54,1996,300.576615801332,3.62507928025308e-05,665.869301738515,283.68586524562
35.01,-97.54,1997,298.661941380099,4.14137563304533e-05,502.99012977191,283.818789130454
35.01,-97.54,1998,302.939702933626,1.01941512892143e-05,787.603754770729,306.72084436822
35.01,-97.54,1999,299.854771204502,2.75034759358143e-05,622.222390335476,293.806944788977
35.01,-97.54,2000,301.152192751447,1.95259550970864e-05,739.915604452899,302.118647643159
35.73,-95.63,1994,299.017153258445,2.20627604096643e-05,615.345987762848,294.501161027926
35.73,-95.63,1995,298.197587604388,4.02603545730301e-05,547.980105717482,277.690010629045
35.73,-95.63,1996,299.093584955637,3.49390037908062e-05,600.314948700709,274.228484417413
35.73,-95.63,1997,297.603705468338,4.50068247030708e-05,510.952540536934,285.010910182803
35.73,-95.63,1998,301.352939274323,2.01144185900421e-05,692.608816218773,296.93293439611
35.73,-95.63,1999,298.235361466708,4.56305786306618e-05,584.91671497208,285.267371433627
35.73,-95.63,2000,300.288529354804,2.25715084983563e-05,756.612992951778,297.947006306404
37.45,-88.67,2005,296.373119597069,4.64671414943466e-05,355.377479022106,283.764231494017
40.08,-88.23,2004,294.498095703013,5.17492170073959e-05,341.815413742682,271.7547456444
40.08,-88.23,2005,296.233040681671,3.41185463792868e-05,403.01411939842,285.389919427999
40.08,-88.23,2006,295.141859859982,5.11179167111559e-05,381.421847208916,270.614008696204
41.85,-88.85,2005,295.217167824255,2.98844992685792e-05,438.526515163556,279.521763199346
41.23,-96.49,1992,292.717847018961,4.31738572142777e-05,486.530676012634,273.641568739203
42.03,-93.63,1992,292.764959615989,3.83606292145573e-05,423.331483082749,274.728155277262
40.45,-86.92,1992,293.209392125805,5.74876119362801e-05,338.539652165329,275.074256657851
32.4,-85.93,1995,297.641730119392,9.2125788403231e-05,247.967163292019,258.10112924019
32.4,-85.93,1996,297.604633015658,7.52767089496651e-05,269.799819446151,259.067438790434
32.4,-85.93,NA,284.765320205479,1663029.47,284.765320205479,1663029.47
45.28,-73.45,1996,287.9453675205,4.66623708630171e-05,252.74619014265,255.297573725721
45.28,-73.45,1995,288.554071410373,3.0528473201768e-05,335.12760764331,267.615105584363
33.86,-83.41,2001,295.120610391929,7.31636752157289e-05,234.218938368213,257.261546373545
33.86,-83.41,2002,295.774129521103,9.51640930082483e-05,213.011560146858,254.785361064803
33.95,-83.53,2001,295.162529997061,7.39046611220061e-05,233.229091762551,256.610664375213
33.95,-83.53,2002,295.82389342292,9.5696734969465e-05,213.599343172473,254.42189864851
33.95,-83.53,2000,295.965071673204,6.02653147026625e-05,283.547541063186,266.781138573072
44.42,11.47,2003,295.182024992006,3.97267641505996e-05,293.74346145184,288.855984709581
44.42,11.47,2004,292.80197351466,4.34075836972937e-05,281.454004974279,284.667420866305
44.42,11.47,2005,293.272338802742,4.26652832011354e-05,284.033835005049,280.101887794588
44.42,11.47,2006,293.253106475862,4.51869249223541e-05,280.538428772857,282.516062429127
28.45,-97.7,1993,300.596400662265,2.5482493777216e-05,534.566689883555,281.953853777728
28.45,-97.7,1994,300.752141688032,2.86955365610008e-05,494.991783475344,270.180855398447
28.45,-97.7,1995,301.2560165799,3.91995475240169e-05,516.185008997108,278.914045336217
32.22,-98.2,1992,297.981746873295,4.51807376211786e-05,445.682799783999,278.606865172301
32.22,-98.2,1993,300.043506149631,3.60850360047323e-05,606.814509824968,283.659642924686
32.22,-98.2,1994,300.286301907779,3.40379962583098e-05,579.149310883535,279.640190259435
32.22,-98.2,1995,299.79477404279,5.40376544654531e-05,534.959835486303,276.14570531856
32.22,-98.2,1996,300.991710710828,3.4258146238756e-05,624.489694604551,279.740939434077
32.22,-98.2,1997,299.114130166886,4.5511706504481e-05,460.300775029731,278.144912091097
32.22,-98.2,1998,302.896686574753,2.1819852451904e-05,706.03765672234,297.548870998503
35.96,-83.92,1993,295.16579076562,6.87013330887372e-05,245.973423474576,269.486811036293
35.96,-83.92,1994,293.598656479039,7.19934648047206e-05,230.075556963448,264.06258972648
35.96,-83.92,1995,294.836051978586,6.8551096283005e-05,259.375855351943,268.303618099408
35.96,-83.92,1996,294.543314840537,6.44415318619816e-05,270.363288062267,271.133122474722
35.96,-83.92,1997,293.423146311908,6.20772062964988e-05,270.579168555984,262.932237032736
28.27,-97.42,1993,300.566188483867,4.40851771531432e-05,508.427328456215,276.561967896309
28.27,-97.42,1994,300.419353633737,3.45331248382483e-05,468.882902993744,268.029740817602
28.27,-97.42,1995,300.943515186686,3.77309754097206e-05,467.60235457402,273.485497334792
30.6,-96.35,1993,300.408173448023,4.3687913914931e-05,542.316068032947,273.957649168614
30.6,-96.35,1994,300.390780471824,3.81828941173268e-05,504.809830463298,264.206812851548
30.6,-96.35,1995,300.626953863479,4.84319033331492e-05,486.416040061204,268.924187081194
30.6,-96.35,1996,301.229436248047,3.31707197196981e-05,579.068541838313,273.953161755698
32.97,-97.27,1993,300.174975063803,3.70098955700799e-05,493.730232451499,274.528950824774
32.97,-97.27,1994,300.185390702355,3.1841125925926e-05,472.607345056541,268.638134038801
32.97,-97.27,1995,300.397584348999,4.56229137254902e-05,450.799611328976,267.933630729329
32.97,-97.27,1996,300.936887868036,3.3410790247951e-05,522.581429214649,269.320312273057
NA,NA,1993,284.765320205479,1663029.47,284.765320205479,1663029.47
NA,NA,1994,284.765320205479,1663029.47,284.765320205479,1663029.47
NA,NA,1995,284.765320205479,1663029.47,284.765320205479,1663029.47
31.05,-97.35,1993,300.381260096541,3.81965713136167e-05,453.848035882686,272.352477087123
31.05,-97.35,1994,300.219023638224,3.3971329938223e-05,424.134528258786,262.549873643834
31.05,-97.35,1995,300.734043894755,3.85525390933539e-05,419.094603003716,268.096483209577
31.05,-97.35,1996,301.041651481938,3.02071158836192e-05,486.375235245391,273.448324426916
32.42,-85.9,1989,296.717640192275,9.09134186537533e-05,216.568701805292,240.837326593212
32.42,-85.9,1990,297.66666066173,7.24219429667902e-05,257.849698424022,263.965810180481
-36.77,-64.27,1990,284.907969232936,3.45131440631951e-06,229.95550194564,139.026973895785
-36.77,-64.27,1991,284.354093288299,1.18544066350032e-05,179.610825971965,138.851355083086
35.04,-97.95,1997,298.689496616179,4.09092288604282e-05,487.524328986672,282.591058877404
35.04,-97.95,1998,302.967047250472,1.27135788680289e-05,766.540967579681,304.719818494395
35.04,-97.95,1999,299.928014679923,2.80252931571747e-05,610.918369552304,293.299304356166
35.04,-97.95,2000,301.13332386278,2.17593270087651e-05,713.407184206869,300.493857405366
35.98,-97.03,1998,300.881580292843,2.59005808308378e-05,585.394120171739,292.991810131662
35.98,-97.03,1999,298.257571923789,3.67617431086706e-05,527.596164581251,287.676115398133
35.98,-97.03,2000,299.881297721234,2.76575553932464e-05,636.835771386913,293.115430608495
41.15,-96.4,2000,295.092465766691,3.50690160270895e-05,574.117252402467,286.191867276029
41.15,-96.4,2001,294.307470017477,3.45603008756118e-05,465.604859000319,273.671641395502
41.15,-96.4,2002,294.693725085109,4.33223833122126e-05,532.626769452997,280.264290327916
41.15,-96.4,2003,294.121154482702,3.51615025092727e-05,514.991032096386,281.980464955454
41.15,-96.4,2004,293.264954008368,5.74861694864888e-05,442.680923228779,271.010840367361
36.85,-109.32,2001,293.761352541216,1.04281921249499e-05,635.576115913473,314.973488334018
36.85,-109.32,2002,294.258172405371,3.57420819047206e-06,808.137020121537,321.128182646024
36.85,-109.32,2003,294.172149565626,4.18590161942028e-06,712.003013307639,317.263660188574
36.85,-109.32,2004,293.150605087992,5.17313913858081e-06,756.86777479424,323.914567345997
36.85,-109.32,2005,293.014365458119,1.24313457614137e-05,640.626346957423,316.125035711661
